{"cameraMode":{"drawMode":0,"name":"Shaded","section":"Shading Mode"},"sceneLighting":true,"audioPlay":false,"sceneViewState":{"showFog":true,"showMaterialUpdate":false,"showSkybox":true,"showFlares":true,"showImageEffects":true,"showParticleSystems":true},"in2DMode":false,"pivot":{"x":1.7731530666351319,"y":2.180669069290161,"z":-3.4131813049316408},"rotation":{"x":0.16954123973846436,"y":-0.4630530774593353,"z":0.09073620289564133,"w":0.8652199506759644},"size":3.9599344730377199,"orthographic":true}