{"cameraMode":{"drawMode":0,"name":"Shaded","section":"Shading Mode"},"sceneLighting":true,"audioPlay":false,"sceneViewState":{"showFog":true,"showMaterialUpdate":false,"showSkybox":true,"showFlares":true,"showImageEffects":true,"showParticleSystems":true},"in2DMode":false,"pivot":{"x":12.311585426330567,"y":1.0000029802322388,"z":7.524124622344971},"rotation":{"x":0.2611013352870941,"y":-0.3444027602672577,"z":0.10034102946519852,"w":0.8961851000785828},"size":1.8642778396606446,"orthographic":true}